{"cameraMode":{"drawMode":0,"name":"Shaded","section":"Shading Mode"},"sceneLighting":true,"audioPlay":false,"sceneViewState":{"m_AlwaysRefresh":false,"showFog":true,"showSkybox":true,"showFlares":true,"showImageEffects":true,"showParticleSystems":true,"showVisualEffectGraphs":true,"m_FxEnabled":true},"in2DMode":false,"pivot":{"x":-5.960464477539063e-8,"y":0.9221943616867065,"z":-0.2799999713897705},"rotation":{"x":0.49939289689064028,"y":-0.0012995583238080145,"z":0.0007490846910513938,"w":0.8663748502731323},"size":2.775059223175049,"orthographic":true}