{"cameraMode":{"drawMode":0,"name":"Shaded","section":"Shading Mode"},"sceneLighting":true,"audioPlay":false,"sceneViewState":{"m_AlwaysRefresh":false,"showFog":true,"showSkybox":true,"showFlares":true,"showImageEffects":true,"showParticleSystems":true,"showVisualEffectGraphs":true,"m_FxEnabled":true},"in2DMode":false,"pivot":{"x":3.1000001430511476,"y":3.1999998092651369,"z":13.479999542236329},"rotation":{"x":0.24434909224510194,"y":-0.25245335698127749,"z":0.06605861335992813,"w":0.9339445233345032},"size":17.24205207824707,"orthographic":false}