{"cameraMode":{"drawMode":0,"name":"Shaded","section":"Shading Mode"},"sceneLighting":true,"audioPlay":false,"sceneViewState":{"m_AlwaysRefresh":false,"showFog":true,"showSkybox":true,"showFlares":true,"showImageEffects":true,"showParticleSystems":true,"showVisualEffectGraphs":true,"m_FxEnabled":true},"in2DMode":false,"pivot":{"x":-1.0155950784683228,"y":4.086390972137451,"z":1.5480432510375977},"rotation":{"x":-0.29198941588401797,"y":0.41200417280197146,"z":-0.14126038551330567,"w":-0.8515937328338623},"size":52.695770263671878,"orthographic":false}